X_train,Y_train,max_leaf_entrpoy,max_leaf_size,max_tree_depth
"[[ 1.04606184 -1.18764044 -1.0765642   0.95580787 -0.10508648  0.10379745
   0.14632596  0.89461496]
 [-0.95566111  0.06249165 -1.84493027  0.1689038  -1.01817581 -0.07688927
  -0.69670243  2.52068496]
 [-1.43121835  0.92114043  0.72782215 -0.62732654 -1.0985267  -0.06339223
   0.20166456  0.7369668 ]
 [-1.13577364 -1.80982153 -0.38281406 -0.35009725 -0.33621386 -1.16743882
  -1.34848024 -1.12838091]
 [-1.54862658 -0.65634667 -0.6428341   0.28476326 -0.08734218 -0.2182257
   0.44677032  0.78606759]
 [-0.27914079  0.32686463 -1.33010335 -0.07177289 -1.62482904  0.81313095
   0.40332979 -0.87015282]
 [ 0.28072554 -0.32770377 -0.38771931  0.60089437  2.70208551  0.41075955
  -1.08802454 -0.60861059]
 [-1.01086939  0.14747947 -0.08539606  0.41656984 -0.78058697 -0.08813924
  -0.24506544  0.9720557 ]
 [-0.28920817  0.3506173   0.65152835  0.6978316  -1.65597292 -1.31650926
   0.76228067 -0.3514587 ]
 [ 0.94596315  0.44891706  0.58520301 -0.4096983   0.50072254  0.60182021
  -0.12186855 -1.7207275 ]
 [-0.21984697  1.48576236 -0.43640423 -0.36574233  0.22511328 -0.52158341
   0.33779623  1.2433971 ]
 [ 0.41018923  0.29488353 -0.1370736  -1.06113023 -0.01838225  0.04005234
  -1.56727945 -0.761504  ]
 [ 0.02508578 -0.38307635  0.66290286  1.68374929 -1.7187928  -0.40489946
   0.64983418  0.5459379 ]
 [-0.69866823  0.05602743  0.01472554  0.34860232  0.28586336 -1.36174868
   0.11870044  0.9271516 ]
 [ 1.75580173  2.42778788  1.78098368 -0.33318955  0.51417495 -0.86472995
  -1.06167911  0.85016735]
 [-1.52458699  0.13741153 -0.18186144  0.75331058 -1.01789174  0.04895246
  -1.46425711 -0.16434038]
 [-0.92809485 -0.67907989  0.28197715  0.81049013 -1.91767823 -0.62343233
  -0.08625085 -1.38194942]
 [-0.63888222  0.85075504 -0.59847655 -0.88771148  0.57536936 -1.58819353
  -1.33044049 -0.68018747]
 [-0.2649952  -0.33625913 -0.8795615   0.4139436  -0.93216109  1.56676717
   0.30651187 -0.91648328]
 [-0.76436907  0.17419071  0.77718762 -0.1435931  -0.15285447  0.08380773
  -1.50082662  1.2873791 ]]","[ 1. -1. -1. -1.  1.  1. -1. -1. -1. -1.  1.  1. -1.  1. -1.  1.  1.  1.
 -1. -1.]",0.2,10,10
