hyper_parameters,weights
"{'p_norm': 2, 'n_neighbor': 3}","{'features': array([[ 2.94023131, -0.99466134,  1.13743785, ...,  0.58722966,
         0.66365908,  1.56892824],
       [ 2.80741156, -0.41245164,  0.46406269, ..., -1.03481022,
        -0.08370469,  1.64044818],
       [-1.37683833,  0.82173407,  0.3629407 , ...,  0.56445995,
         1.42238763, -0.40565868],
       ...,
       [ 0.30927434,  1.05175564, -1.78742679, ..., -0.18370141,
        -1.58628332, -0.43001061],
       [-1.69978193, -1.68465432,  0.1139017 , ..., -2.21075069,
         0.5752013 , -0.81201653],
       [ 0.41557487, -0.3428284 , -0.09464656, ...,  0.95866091,
        -0.78607762,  0.10032402]]), 'labels': array([-1., -1.,  1., ..., -1., -1., -1.])}"
