hyper_parameters,weights
"{'p_norm': 2, 'n_neighbor': 3}","{'features': array([[ 0.01272343,  0.24108795,  2.11918552, ..., -2.34808767,
         2.91664986,  1.05649004],
       [ 0.69019583, -0.37171202, -0.06472665, ...,  1.11684296,
         1.28258816, -0.98204616],
       [-0.04004153,  0.46922194, -0.4900104 , ...,  0.08021241,
        -1.57336648, -1.06729852],
       ...,
       [-1.21373529, -1.37738142, -1.52285729, ...,  0.77563218,
         1.63743794,  2.24433094],
       [ 1.1808991 ,  0.82900345, -0.6704851 , ..., -1.57294083,
         2.10382084, -0.3790084 ],
       [ 0.62302152,  0.60004266,  0.19639325, ..., -1.12796705,
         2.62906345, -0.61230246]]), 'labels': array([ 1., -1., -1., ..., -1.,  1.,  1.])}"
