hyper_parameters,weights
"{'p_norm': 2, 'n_neighbor': 3}","{'features': array([[-2.03637159, -1.39091133,  1.95057905, ...,  0.42746404,
        -1.81315014, -1.56098884],
       [ 1.50659478, -1.11706295, -0.92674938, ...,  0.60049092,
        -0.6461008 ,  1.12634301],
       [ 0.01272343,  0.24108795,  2.11918552, ..., -2.34808767,
         2.91664986,  1.05649004],
       ...,
       [-0.69794034,  0.82602253, -0.61683602, ..., -1.74385603,
        -0.7379393 , -0.3850554 ],
       [ 1.2391101 , -0.40899254,  0.43080552, ..., -0.12936404,
         1.3459184 , -1.18902325],
       [ 1.1808991 ,  0.82900345, -0.6704851 , ..., -1.57294083,
         2.10382084, -0.3790084 ]]), 'labels': array([-1.,  1.,  1., ..., -1.,  1.,  1.])}"
