hyper_parameters,weights
"{'p_norm': 2, 'n_neighbor': 3}","{'features': array([[ 1.13742944, -1.01076355,  0.6745333 , ..., -0.99142838,
         1.34112657, -0.77706148],
       [-1.16118361,  1.99227054,  1.51755851, ...,  1.08133052,
        -0.8082151 , -1.06595097],
       [-0.51561549, -1.70739179, -2.25028637, ...,  0.79978122,
        -1.51480101,  0.883764  ],
       ...,
       [ 1.47192094, -0.33059999, -0.82165973, ...,  0.29359689,
         0.94576412,  1.33898264],
       [ 0.30927434,  1.05175564, -1.78742679, ..., -0.18370141,
        -1.58628332, -0.43001061],
       [ 0.41557487, -0.3428284 , -0.09464656, ...,  0.95866091,
        -0.78607762,  0.10032402]]), 'labels': array([-1., -1., -1., ...,  1., -1., -1.])}"
