hyper_parameters,weights
"{'p_norm': 2, 'n_neighbor': 3}","{'features': array([[ 1.13742944, -1.01076355,  0.6745333 , ..., -0.99142838,
         1.34112657, -0.77706148],
       [-1.16118361,  1.99227054,  1.51755851, ...,  1.08133052,
        -0.8082151 , -1.06595097],
       [ 2.94023131, -0.99466134,  1.13743785, ...,  0.58722966,
         0.66365908,  1.56892824],
       ...,
       [ 0.14982585,  0.27763377, -0.21468828, ...,  1.19072902,
         0.96938038,  0.65713412],
       [ 1.47192094, -0.33059999, -0.82165973, ...,  0.29359689,
         0.94576412,  1.33898264],
       [-1.69978193, -1.68465432,  0.1139017 , ..., -2.21075069,
         0.5752013 , -0.81201653]]), 'labels': array([-1., -1., -1., ..., -1.,  1., -1.])}"
