hyper_parameters,weights
"{'p_norm': 2, 'n_neighbor': 3}","{'features': array([[-2.03637159, -1.39091133,  1.95057905, ...,  0.42746404,
        -1.81315014, -1.56098884],
       [ 1.50659478, -1.11706295, -0.92674938, ...,  0.60049092,
        -0.6461008 ,  1.12634301],
       [ 0.14140822, -0.23674845, -0.12995833, ..., -1.47070081,
        -0.09165005,  0.7785771 ],
       ...,
       [ 1.2391101 , -0.40899254,  0.43080552, ..., -0.12936404,
         1.3459184 , -1.18902325],
       [-1.21373529, -1.37738142, -1.52285729, ...,  0.77563218,
         1.63743794,  2.24433094],
       [ 0.62302152,  0.60004266,  0.19639325, ..., -1.12796705,
         2.62906345, -0.61230246]]), 'labels': array([-1.,  1.,  1., ...,  1., -1.,  1.])}"
