p_norm,n_neighbor,features,labels
2,3,"[[-0.24696766 -0.34197428  0.32127052 ...  0.82451281 -0.99775705
  -0.50105201]
 [-0.53079637 -1.16273576 -0.92181587 ...  0.68511138  1.90279116
   1.98367503]
 [-0.28431963  0.86820185 -0.56589441 ... -0.10847239  0.36917506
  -1.41349417]
 ...
 [ 1.85518147  1.75478446  0.5699374  ... -0.21095248  0.53142251
  -0.08649205]
 [-0.27969044  0.23512713 -1.16406341 ... -0.88494214  0.16736059
  -0.14249664]
 [ 1.26084338  0.83419781 -0.47801907 ... -3.15362465  0.96144651
   1.63882455]]",[-1.  1.  1. ...  1.  1.  1.]
