p_norm,n_neighbor,features,labels
2,3,"[[ 0.75605647 -0.03048489  1.00831846 ... -0.24182538  0.45087735
   0.18906825]
 [ 0.48178087 -1.34516565  0.73828873 ... -0.14080931  1.41761646
   1.05503549]
 [-1.02488734  0.66221708  1.01334344 ... -1.6692363   0.23085059
  -1.0663783 ]
 ...
 [-0.0085143  -0.34231817 -0.48241003 ...  1.57510188 -1.14650352
   0.63508349]
 [ 1.20333747  1.63062365 -0.76995738 ...  0.28291505  0.53680146
  -0.29612742]
 [-0.20569183 -1.74971156 -1.00736276 ...  0.57243271 -0.45250741
   0.58879016]]",[-1. -1. -1. ... -1. -1. -1.]
