hyper_parameters,weights
"{'p_norm': 2, 'n_neighbor': 3}","{'features': array([[-0.47413705,  1.44370075,  0.15572425, ...,  0.16187121,
        -0.33307656, -0.32391337],
       [ 0.63309117, -0.57882242, -0.92687176, ...,  1.45829434,
         0.79613356, -0.82229408],
       [ 0.93706297, -0.28728704, -0.58399475, ...,  0.60369373,
         0.59150699, -1.38152087],
       ...,
       [-1.24643346,  0.89257946, -0.98943832, ...,  0.31993552,
        -0.45483544, -1.34694296],
       [ 0.63330187,  1.05492497, -0.76896691, ...,  1.34685583,
         1.41634421,  0.47428734],
       [-0.26895163,  0.67901907,  0.17053826, ..., -0.12926129,
         0.26523487, -0.41794889]]), 'labels': array([ 1.,  1., -1., ...,  1., -1., -1.])}"
