epoch,w,lr
50,"[ 0.26371393 -0.29588815  0.00648472 -0.43485578  0.91653179 -0.7747892
  0.64250093  2.18333091 -1.31891779]",0.001
