epoch,w,lr
50,"[ 0.29590324 -0.34942058 -0.07625756 -0.35959089  0.98755713 -0.73531319
  0.5675842   2.20795381 -1.51891779]",0.001
