epoch,w,lr
1000,"[-4.44017321 -0.07303781  2.76919705  1.7045863   0.42443661 -0.15114608
 -5.39340545 -2.56426687 -1.53863264]",0.001
