epoch,w,lr
50,"[ 0.27511223 -0.31792622 -0.0351059  -0.38219341  0.93663226 -0.79221012
  0.59754999  2.20287227 -1.46891779]",0.001
