hyper_parameters,weights
"{'lr': 0.001, 'epoch': 50}","{'w': array([ 0.04260641, -0.02544653, -0.03157821,  0.01495502, -0.01546102,
       -0.00592026, -0.02133527,  0.02936664,  0.12407465])}"
