hyper_parameters,weights
"{'lr': 0.001, 'epoch': 50}","{'w': array([ 0.02285873,  0.00408767,  0.0169412 , -0.00233182, -0.01154312,
       -0.0129104 , -0.01444476, -0.00988134,  0.15607465])}"
