hyper_parameters,weights
"{'lr': 0.001, 'epoch': 50}","{'w': array([-0.01848279, -0.0512937 , -0.00496456,  0.04097215, -0.05406753,
       -0.01467847, -0.06071209, -0.01884722,  0.03063096])}"
