hyper_parameters,weights
"{'lr': 0.001, 'epoch': 50}","{'w': array([ 0.00680311, -0.02041722, -0.00495723, -0.00325735, -0.00655207,
        0.01833105, -0.00776378, -0.01010389,  0.10563616])}"
