hyper_parameters,weights
"{'lr': 0.001, 'epoch': 50}","{'w': array([ 0.00149832, -0.00959493,  0.00025143,  0.0033889 , -0.00777911,
       -0.01806093, -0.03953168,  0.01846389,  0.08907465])}"
