hyper_parameters,weights
"{'lr': 0.001, 'epoch': 50}","{'w': array([ 0.02009452,  0.02902307,  0.0269091 ,  0.0341875 , -0.012607  ,
        0.01836788, -0.04412884,  0.0088433 ,  0.13563616])}"
