hyper_parameters,weights
"{'lr': 0.001, 'epoch': 50}","{'w': array([ 0.03511522, -0.04537854,  0.02469471,  0.02253409, -0.00209988,
        0.02975139,  0.04771032,  0.03306142,  0.11363616])}"
