hyper_parameters,weights
"{'lr': 0.001, 'epoch': 50}","{'w': array([-0.05277222, -0.02686345, -0.02528119, -0.07301154, -0.04052056,
       -0.02484827, -0.01279348,  0.01347983,  0.08763096])}"
