hyper_parameters,weights
"{'lr': 0.001, 'epoch': 50}","{'w': array([-0.02617491, -0.04112831,  0.01632578, -0.01895334,  0.0295386 ,
        0.04579517, -0.00576003, -0.0487231 , -0.08883109])}"
