hyper_parameters,weights
"{'lr': 0.001, 'epoch': 50}","{'w': array([-0.01928293,  0.00827172, -0.00579112, -0.01894854, -0.0513686 ,
       -0.01100042, -0.02157628,  0.02643571,  0.14463096])}"
