hyper_parameters,weights
"{'lr': 0.001, 'epoch': 50}","{'w': array([ 0.00060822, -0.04722417,  0.01498501,  0.00644753,  0.00776933,
       -0.02719122, -0.02847657, -0.03562935, -0.14783109])}"
