hyper_parameters,weights
"{'lr': 0.001, 'epoch': 50}","{'w': array([ 0.01897814,  0.00795275, -0.02150157, -0.01282931,  0.04187536,
       -0.03103247, -0.00257374,  0.02173567, -0.00383109])}"
