lr,epoch,w
0.001,50,"[-0.00495804  0.00472086  0.00968859 -0.00105817 -0.00641978  0.0080651
 -0.00906883 -0.01459106 -0.1088895 ]"
