lr,epoch,w
0.001,50,"[ 0.01421785 -0.0311311   0.01638493  0.03478991  0.0095442   0.01927139
 -0.02747252 -0.0114175   0.09938055]"
