lr,epoch,w
0.001,50,"[-0.02160072 -0.00115236 -0.01309081 -0.00340942 -0.0115282  -0.00166325
 -0.01297694  0.00965161 -0.12927705]"
