lr,epoch,w
0.001,50,"[ 0.01516121 -0.01431482  0.02818869  0.00406265 -0.02312965  0.00251109
 -0.00259279 -0.03073595 -0.15977538]"
