lr,epoch,w
0.001,50,"[-0.03486389 -0.01754334  0.01901927  0.01043198  0.01391416  0.02492008
  0.01257093  0.00400704  0.11311683]"
