hyper_parameters,weights
"{'max_leaf_impurity': 0.2, 'max_samples_leaf': 1, 'max_tree_depth': 100, 'alpha': 0.1}","{'features': array([[ 0.07895345, -0.26302913,  1.49903989,  1.3585773 ,  0.42298829,
         0.65065147,  1.72875385,  0.0073253 ],
       [-1.87138924,  1.27610125, -0.8692104 , -0.59780669, -0.43284932,
         1.08131359, -0.8307828 ,  2.29008917],
       [ 1.15663465,  1.54903089,  0.26437044, -0.47746963, -1.41511227,
        -0.22665963,  0.65662143,  0.79339919],
       [-0.07486498,  1.15505268,  0.17382299,  0.44050841, -0.44050953,
        -0.94080956,  2.23976563, -0.83211159],
       [ 2.03657639,  0.73749811, -0.31048288, -0.05822721,  0.25567556,
        -0.00929056, -0.66925969,  0.7614301 ],
       [-0.34662766, -0.31236433, -0.58370977, -0.5021775 ,  1.66021349,
         1.06217647, -1.87395474, -0.43804612],
       [ 0.26941085,  0.95308949, -0.63767882, -0.14069256,  1.49311439,
         0.88528796, -0.25041906, -1.18062147],
       [ 2.09593263, -0.58706748, -1.22692725,  0.18252179, -0.57418001,
        -1.32392149, -0.44092913, -0.3315743 ],
       [-0.84111559, -0.91441461,  0.93658534, -1.33766545, -0.78793475,
        -0.29172986, -0.03225215,  0.11761658],
       [-0.1252893 ,  0.60482721,  0.68770437, -0.15825712,  2.21517139,
        -1.84952129,  0.24393018,  0.14412862],
       [ 1.17620968,  0.40438493, -0.53991663,  0.22174685,  0.1393861 ,
        -0.27159703,  0.13911363, -1.88664586],
       [-0.5714724 ,  1.51759733,  0.6422649 ,  0.33457447, -1.02188361,
        -1.35507226, -1.16248655, -1.8985985 ],
       [-0.52648275, -1.767147  , -1.82187989,  1.51858439, -1.84977276,
         0.247644  ,  0.49510958, -0.74182661],
       [ 0.4163178 , -0.45361033,  0.23628954, -0.01913339, -0.8001525 ,
         0.34593256,  1.77236569, -0.19489239],
       [ 0.41914458, -0.26077573,  1.34447625, -0.04570786, -0.39535185,
         0.86547459,  1.44742959, -0.45345086],
       [-0.15008137, -1.78666579, -2.36708394,  0.06260905,  1.11590904,
        -0.36935149, -0.77776726, -1.87602484]]), 'labels': array([ 1., -1.,  1.,  1.,  1.,  1., -1., -1.,  1., -1., -1.,  1., -1.,
        1., -1., -1.])}"
