hyper_parameters,weights
"{'max_leaf_impurity': 0.2, 'max_samples_leaf': 1, 'max_tree_depth': 100, 'alpha': 0.1}","{'features': array([[ 0.16491792,  0.94624438,  1.01676396, -0.69415582, -0.04902163,
         0.09024904,  0.38406196,  0.37084621],
       [ 1.11944349,  1.07614953, -0.49413878, -1.95940463, -0.8963779 ,
        -0.69922778,  0.74518275, -0.351615  ],
       [ 1.00845833, -1.21546715, -0.87284373,  0.49415489, -0.2316433 ,
        -0.14884779, -1.40160972,  1.46837772],
       [-0.4121079 ,  0.6903633 , -0.85694762,  1.43793433,  1.56141049,
         0.21360921,  0.86508155,  0.08600448],
       [ 0.94993037,  0.98202787, -0.91582528,  0.36984491,  1.92986526,
         0.72026087,  0.9586642 , -2.20430532],
       [-0.3193681 , -1.98164387, -1.20518761,  1.11866806, -0.68513673,
        -1.79055718,  0.65629929, -0.31018714],
       [-1.25329046, -0.26011317,  0.52855201, -1.78673294,  0.70007871,
        -0.30125329,  1.1317708 ,  0.2619608 ],
       [ 0.38247593,  1.11076903, -0.04726504, -1.24681652,  0.03710951,
         1.06455947,  1.89246908,  0.35333534],
       [ 0.81699814,  1.1494379 ,  0.74473946, -0.93019081,  0.79598943,
        -1.43862353, -1.06381552,  0.37543438],
       [ 0.32508807, -0.10193693, -0.91765468,  0.82945217, -0.50854078,
        -0.65153373, -0.72934431,  0.56072426],
       [ 1.89114403, -1.41397536, -2.68485508,  0.9783713 , -1.55479933,
        -1.75103625,  0.19273621,  1.89623336],
       [ 0.47015443, -1.13935334,  0.0179879 , -0.48801611, -0.54345858,
        -0.21102683, -1.98659625, -0.51180623],
       [-0.20782827, -0.21448852, -0.59117159, -1.06782063,  0.53894884,
        -0.6221744 ,  1.00998149,  1.13569089],
       [-1.81879863,  0.92869666, -0.72380256,  0.90513866,  0.86591068,
        -1.08088836,  0.3485078 ,  0.87174549],
       [ 1.01226712,  0.94150144,  0.59535945, -0.36968688,  0.3191603 ,
         0.23585145,  0.02640549,  0.10178374],
       [-0.42408577, -1.91127408, -1.18436267,  1.41622882,  0.52131315,
        -0.13741866, -0.73534214,  0.11499345]]), 'labels': array([ 1.,  1.,  1., -1., -1.,  1.,  1.,  1., -1., -1., -1.,  1.,  1.,
       -1.,  1., -1.])}"
