X_train,Y_train,max_leaf_entrpoy,max_leaf_size,max_tree_depth
"[[ 0.07559425  1.10564298 -0.16335114 -0.40208967  2.29767299  1.65229717
  -0.5000429  -0.27391612]
 [ 1.05026295 -0.62037445  1.93710002 -0.89386466 -2.41983392  0.63855371
  -0.49332524 -0.22645481]
 [ 1.05650414  0.31953365 -0.1036623  -0.46969383 -0.32015953 -2.76639042
   0.76639607  0.99399445]
 [ 0.52897006  1.85241303  2.35098332  0.09587209 -0.25511739  1.81722334
  -0.22026867  0.98915961]
 [-1.70515559 -0.37157972  1.27381074 -0.66338367 -0.23642017 -0.8188646
   0.63946714  1.10347453]
 [ 0.11495731  1.83502433 -1.13570185 -1.49227348 -0.64633622 -0.43006393
   0.6493142  -1.61408072]
 [-0.59145848 -0.4304941   0.00475537  0.36715892  0.21667488 -1.36866531
  -0.49101228  0.89823636]
 [ 0.64977582  0.75228529  2.00222344  0.37771531 -0.31388063  0.56433155
   1.65346348 -0.04223013]
 [ 1.58864932 -0.66301053 -0.40062592 -0.71767534 -0.46467248  0.15689016
   1.31655822 -0.07382175]
 [-0.38418667  1.39252457  0.31140303  0.61469006 -0.22238422  0.00326492
  -0.21600555 -1.82609422]
 [ 0.73970721  0.42226865 -0.36319638 -0.79298384 -2.32825842  1.68115802
   0.19592648 -1.58300488]
 [ 0.50755749 -0.87755683  1.12508485  0.19364141  0.77050152 -1.30983191
   0.97299364 -0.34049371]
 [ 0.65523208  1.33337262  0.52130864  0.17932953 -0.33181141  0.44524924
  -2.39133612 -1.40208337]
 [ 0.40714631  0.44708209  0.92796068 -0.68639885  1.03754642 -2.06502164
  -0.85080229 -0.61062561]
 [ 0.46908374  0.89731985  0.76656357 -0.70261207  1.96916185 -0.1542308
  -0.8627329   0.89746293]
 [-0.46493717  0.36587567 -0.31536068 -0.210515   -0.0730706   1.38555717
  -0.5486659   0.15075436]
 [-1.09005684 -0.21122045 -0.06488751 -0.71198285 -0.4448632   0.43378721
   1.04640003 -1.03910567]
 [-2.21390477  0.64308295  0.36452093 -1.09946671 -1.2446154   1.5032725
  -0.28938937 -1.02724062]
 [ 0.08192918  0.01160077 -1.24512177 -0.94976081 -1.58279203 -0.86560026
   0.56516952  0.05469781]
 [ 0.70603806  0.52879    -0.5555432   0.11571588  0.17882383 -0.26860771
   0.43065778  0.20608952]]","[-1. -1. -1. -1.  1. -1. -1. -1. -1. -1. -1.  1.  1.  1.  1.  1. -1.  1.
 -1. -1.]",0.2,1,100
