X_train,Y_train,max_leaf_entrpoy,max_leaf_size,max_tree_depth
"[[ 0.07559425  1.10564298 -0.16335114 -0.40208967  2.29767299  1.65229717
  -0.5000429  -0.27391612]
 [ 0.47980188 -0.15201202 -3.55979554 -0.51683469  1.70932692 -1.07549491
  -1.13462896 -2.76968573]
 [ 1.05650414  0.31953365 -0.1036623  -0.46969383 -0.32015953 -2.76639042
   0.76639607  0.99399445]
 [ 0.52897006  1.85241303  2.35098332  0.09587209 -0.25511739  1.81722334
  -0.22026867  0.98915961]
 [-0.08782327 -0.72961118 -0.318328    0.01398654  0.85790287 -0.81111619
  -1.68936933  0.86205063]
 [-0.2740173   0.16448054  0.29969521 -1.008835    1.15612276  1.12886736
   0.61302556 -0.15271323]
 [-1.70515559 -0.37157972  1.27381074 -0.66338367 -0.23642017 -0.8188646
   0.63946714  1.10347453]
 [ 0.11495731  1.83502433 -1.13570185 -1.49227348 -0.64633622 -0.43006393
   0.6493142  -1.61408072]
 [ 0.44553237  0.26620159  0.0277849  -0.27315913 -1.10856135  1.0129738
  -0.82718153 -0.40558454]
 [-0.65241539 -0.14786147  0.56376048  1.04641428 -1.27781789 -1.04423056
  -1.19221662  1.21885455]
 [-0.65871838 -1.61402782  0.87397928 -1.89934439  0.73221771 -0.78938458
  -0.55572903 -0.63106233]
 [ 0.65523208  1.33337262  0.52130864  0.17932953 -0.33181141  0.44524924
  -2.39133612 -1.40208337]
 [-0.03181612 -1.27258755 -2.46802051  0.77033187 -1.15467087  0.08895102
  -1.20660751 -0.7710193 ]
 [ 1.17857527  0.9442676   1.00226889 -0.67080052  0.98890628 -0.53088265
  -0.28163809 -0.14878809]
 [-0.46493717  0.36587567 -0.31536068 -0.210515   -0.0730706   1.38555717
  -0.5486659   0.15075436]
 [ 0.06740039 -0.45886257  0.30014917 -2.81959096  1.07577072 -0.74708331
  -0.85329571  0.27175646]
 [-1.09005684 -0.21122045 -0.06488751 -0.71198285 -0.4448632   0.43378721
   1.04640003 -1.03910567]
 [-1.21401192  0.57465025 -0.01943467  0.4830149   0.32960192  0.30436181
  -0.07916792  0.24966293]
 [-2.21390477  0.64308295  0.36452093 -1.09946671 -1.2446154   1.5032725
  -0.28938937 -1.02724062]
 [ 0.08192918  0.01160077 -1.24512177 -0.94976081 -1.58279203 -0.86560026
   0.56516952  0.05469781]]","[-1.  1. -1. -1.  1. -1.  1. -1.  1.  1.  1.  1.  1.  1.  1. -1. -1. -1.
  1. -1.]",0.2,1,100
