hyper_parameters,weights
"{'max_leaf_impurity': 0.2, 'max_samples_leaf': 1, 'max_tree_depth': 100, 'alpha': 0.1}","{'features': array([[ 0.07895345, -0.26302913,  1.49903989,  1.3585773 ,  0.42298829,
         0.65065147,  1.72875385,  0.0073253 ],
       [ 0.86870764,  0.70092437,  0.45807889,  1.4102089 ,  0.85094732,
         1.5529908 ,  0.58119899,  0.34442038],
       [ 1.15663465,  1.54903089,  0.26437044, -0.47746963, -1.41511227,
        -0.22665963,  0.65662143,  0.79339919],
       [-0.07486498,  1.15505268,  0.17382299,  0.44050841, -0.44050953,
        -0.94080956,  2.23976563, -0.83211159],
       [ 0.26941085,  0.95308949, -0.63767882, -0.14069256,  1.49311439,
         0.88528796, -0.25041906, -1.18062147],
       [ 2.09593263, -0.58706748, -1.22692725,  0.18252179, -0.57418001,
        -1.32392149, -0.44092913, -0.3315743 ],
       [-0.75584599,  0.07133309, -1.51243147, -0.18786057, -0.33216313,
        -0.24598935, -0.09176747,  0.75230977],
       [-3.0960855 ,  0.91267267, -0.69530191, -0.65045855,  0.06713426,
        -0.66988982, -0.42694131,  0.33627209],
       [-0.06645348,  0.45071648, -0.99833484,  0.3513948 ,  0.59378717,
        -0.71274199,  1.39827317, -0.32891694],
       [ 0.24376279, -0.4611046 , -0.73843509,  0.07780766, -0.80286938,
         0.18801905,  0.87937992,  0.34560101],
       [ 0.71556196, -1.196825  ,  1.91607224,  0.14461728, -0.02508273,
        -0.93390111,  1.52219389,  1.42184949],
       [ 0.68847432,  1.21883391, -0.87083164,  0.02239323, -0.01896874,
        -1.14005767,  1.41169606,  1.06716456],
       [-0.5714724 ,  1.51759733,  0.6422649 ,  0.33457447, -1.02188361,
        -1.35507226, -1.16248655, -1.8985985 ],
       [ 0.4163178 , -0.45361033,  0.23628954, -0.01913339, -0.8001525 ,
         0.34593256,  1.77236569, -0.19489239],
       [ 0.55423758,  0.52790839,  1.32322808, -0.45528966, -0.5743091 ,
         1.43838882,  0.98081679,  0.45100943],
       [ 0.41914458, -0.26077573,  1.34447625, -0.04570786, -0.39535185,
         0.86547459,  1.44742959, -0.45345086]]), 'labels': array([ 1., -1.,  1.,  1., -1., -1., -1.,  1.,  1., -1., -1.,  1.,  1.,
        1., -1., -1.])}"
