hyper_parameters,weights
"{'max_leaf_impurity': 0.2, 'max_samples_leaf': 1, 'max_tree_depth': 100, 'alpha': 0.1}","{'features': array([[ 0.86870764,  0.70092437,  0.45807889,  1.4102089 ,  0.85094732,
         1.5529908 ,  0.58119899,  0.34442038],
       [-1.87138924,  1.27610125, -0.8692104 , -0.59780669, -0.43284932,
         1.08131359, -0.8307828 ,  2.29008917],
       [ 2.03657639,  0.73749811, -0.31048288, -0.05822721,  0.25567556,
        -0.00929056, -0.66925969,  0.7614301 ],
       [-0.34662766, -0.31236433, -0.58370977, -0.5021775 ,  1.66021349,
         1.06217647, -1.87395474, -0.43804612],
       [-0.75584599,  0.07133309, -1.51243147, -0.18786057, -0.33216313,
        -0.24598935, -0.09176747,  0.75230977],
       [-3.0960855 ,  0.91267267, -0.69530191, -0.65045855,  0.06713426,
        -0.66988982, -0.42694131,  0.33627209],
       [-0.06645348,  0.45071648, -0.99833484,  0.3513948 ,  0.59378717,
        -0.71274199,  1.39827317, -0.32891694],
       [ 0.24376279, -0.4611046 , -0.73843509,  0.07780766, -0.80286938,
         0.18801905,  0.87937992,  0.34560101],
       [-0.84111559, -0.91441461,  0.93658534, -1.33766545, -0.78793475,
        -0.29172986, -0.03225215,  0.11761658],
       [-0.1252893 ,  0.60482721,  0.68770437, -0.15825712,  2.21517139,
        -1.84952129,  0.24393018,  0.14412862],
       [ 0.71556196, -1.196825  ,  1.91607224,  0.14461728, -0.02508273,
        -0.93390111,  1.52219389,  1.42184949],
       [ 1.17620968,  0.40438493, -0.53991663,  0.22174685,  0.1393861 ,
        -0.27159703,  0.13911363, -1.88664586],
       [ 0.68847432,  1.21883391, -0.87083164,  0.02239323, -0.01896874,
        -1.14005767,  1.41169606,  1.06716456],
       [-0.52648275, -1.767147  , -1.82187989,  1.51858439, -1.84977276,
         0.247644  ,  0.49510958, -0.74182661],
       [ 0.55423758,  0.52790839,  1.32322808, -0.45528966, -0.5743091 ,
         1.43838882,  0.98081679,  0.45100943],
       [-0.15008137, -1.78666579, -2.36708394,  0.06260905,  1.11590904,
        -0.36935149, -0.77776726, -1.87602484]]), 'labels': array([-1., -1.,  1.,  1., -1.,  1.,  1., -1.,  1., -1., -1., -1.,  1.,
       -1., -1., -1.])}"
