X_train,Y_train,max_leaf_entrpoy,max_leaf_size,max_tree_depth
"[[-1.82489425 -0.47221669 -0.06747539 -1.50398304  1.33058815 -0.32760142
   0.49667456 -0.7239737 ]
 [ 1.24990547 -0.26280154  3.100066    0.56567776  0.42051362 -0.85146846
   2.07183674 -0.03522288]
 [ 1.45247956  0.94827247  0.56951744 -2.67821212 -1.11266402 -0.89122112
   0.6243172   0.19147729]
 [ 2.020389    0.69059718  0.82933765  0.55405053 -0.07387786 -0.51954847
   0.48225922 -0.95114064]
 [ 0.29437724  1.15330047  0.47027776  0.30533015 -0.82226751 -0.1847929
   2.11347281  0.18297253]
 [ 1.79808201 -0.11244142 -0.58792728 -2.39344     0.109212    0.1057861
  -0.14989113 -1.44320394]
 [-1.11185609 -0.19599317  0.38428382  0.6609194   1.10202091 -0.35352779
  -0.31638408 -0.34944785]
 [ 1.02728944 -1.16199129 -2.38454025 -0.08291946 -1.44808408 -0.27311893
   0.39715029 -0.05019034]
 [-0.33403108 -0.89550527  0.3913497   0.02447362 -0.1913072  -1.05854754
  -1.33615946 -0.51071373]
 [-1.42373934  2.09929387 -1.00134349  1.07992284  1.23123378 -0.63177373
   0.80189514  1.11403167]
 [ 0.13642099  0.0283637  -0.40740016 -0.88320857  0.34856194  0.24309756
  -0.00389362 -0.81751923]
 [ 0.56312455  0.11270373  1.61537407 -0.17410422  0.45417418  0.93675035
   0.24597861 -0.51251202]
 [-0.55844413  1.42054394  0.05174369 -1.21847845 -0.60998513 -0.90047962
  -1.17831682  0.32501577]
 [ 1.07612689 -1.6355968  -1.59807316 -1.87784847  0.94744364 -0.11382867
  -0.41767997 -1.59691045]
 [ 0.54872771  0.85905435 -0.38865809  0.66606103 -0.98477728 -1.21271975
  -1.28359276 -0.78978582]
 [-1.2766808  -1.13835362  1.12109769 -1.4746332  -1.12745395 -1.38371926
  -1.36472031 -1.84427349]
 [ 0.26387214 -1.20434926  0.03101164 -1.27761192 -0.43536533  0.45398581
  -0.79622772  0.00433438]
 [ 1.43368071 -0.06521583  0.73527209  1.69369601  0.85657223 -2.23097192
   0.66152386  0.59952706]
 [-1.20159124  0.55829501  0.69635786  0.26708591 -0.10561285  0.19889349
   0.05036522 -0.41795266]
 [-0.63063366 -0.38015765 -0.5666527   0.1912422  -1.83465984 -0.58860166
  -0.62301665 -0.46403255]]","[ 1. -1.  1. -1. -1. -1.  1.  1.  1. -1.  1. -1. -1. -1. -1.  1.  1. -1.
  1.  1.]",0.2,10,10
