X_train,Y_train,max_leaf_entrpoy,max_leaf_size,max_tree_depth
"[[-0.72280855  0.95412127 -1.86348942  0.34421379 -0.65574133  0.5344602
  -0.79891131  2.76045756]
 [ 0.17253521 -0.7291645   1.56745399  1.0193107  -0.06794973  0.72494314
  -1.8614685   0.81479439]
 [ 0.53604107  1.22536153 -0.2759433   1.03768679 -1.23050968 -0.92539852
   0.52853631  0.01813763]
 [ 1.66727211 -0.76008697 -0.2298912  -1.05073117 -0.16561392  1.59877871
  -1.8046859  -0.84437636]
 [-0.72421089 -0.90257724 -0.37607774 -0.55267698 -1.42886018  0.7996572
  -1.02721159  1.24931435]
 [-0.48591857 -0.2315121  -0.67207829  0.8051167   1.38095365  0.18614898
   1.17580502  0.11909704]
 [ 0.65995748 -0.48935358  0.31665388  0.35750807 -0.81448322 -0.74842331
  -0.24629287  0.65717992]
 [ 0.12566777 -1.40784854 -0.21424879 -0.26757431 -0.15608834  0.94104537
   1.17303672  0.08720302]
 [ 0.48258204 -0.17035317 -0.56623497  0.84911544 -0.17701632  0.74340794
  -0.31617328  0.55227733]
 [ 2.2653002  -0.82988027 -1.55208537 -1.62815209 -0.94152951  0.04047928
   0.95323425  1.15380298]
 [-0.45419303  0.48569458 -0.07494634  0.03495505  0.83438919  0.57259637
   1.31069817  1.28724383]
 [-0.26577244 -0.39972118 -2.56474612  0.64031811  0.96616192  0.67814765
  -0.22646814 -1.21077477]
 [-0.3557021   0.23022203  0.81021869 -0.4208582   0.27245114  0.17109411
   0.93297999 -0.13363154]
 [ 0.84883085 -1.6065418   1.0777793  -0.29266279 -0.75014823  0.62276106
  -0.52768381 -0.56686625]
 [ 0.41200502 -0.35455489 -0.45342746 -0.78460382 -0.40648249  1.66559615
   1.04342794  0.02083102]
 [ 0.30140083  0.30228388  1.06623398  2.52181439 -1.35725378 -0.89759165
   1.93148068  0.29848512]
 [ 2.29033162  0.71734489 -0.88877517  0.21681282 -0.15933911 -0.86632837
   0.11843537 -0.30180077]
 [-0.04067602  0.44776012 -0.42070767 -0.25818209 -0.70772598  0.31858145
   2.35795963  0.96022148]
 [-0.23476226 -0.31958149  1.18343592  2.0913392   0.4608538   0.85209482
  -0.35022255  0.93283087]
 [ 1.45243272 -1.3430679   0.02557886 -0.60499574  0.05992523  0.16478937
   0.75820845  0.41207301]]","[ 1. -1. -1.  1. -1.  1.  1.  1. -1. -1.  1.  1. -1.  1. -1. -1.  1. -1.
 -1. -1.]",0.2,10,10
