X_train,Y_train,max_leaf_entrpoy,max_leaf_size,max_tree_depth
"[[ 0.17253521 -0.7291645   1.56745399  1.0193107  -0.06794973  0.72494314
  -1.8614685   0.81479439]
 [ 1.07382153  0.29772992 -0.8499921   0.67493642 -1.43760844 -1.50104403
  -0.08298312  2.104629  ]
 [ 0.1822121   0.94132406 -1.67055249  0.05346514  0.10939488 -1.07656207
   0.80060906  1.59698876]
 [-1.97645039 -0.51428585  0.35100843 -0.06957643 -1.36262617 -0.07005976
  -0.38542485  1.04042182]
 [ 0.65995748 -0.48935358  0.31665388  0.35750807 -0.81448322 -0.74842331
  -0.24629287  0.65717992]
 [ 0.12566777 -1.40784854 -0.21424879 -0.26757431 -0.15608834  0.94104537
   1.17303672  0.08720302]
 [ 0.48258204 -0.17035317 -0.56623497  0.84911544 -0.17701632  0.74340794
  -0.31617328  0.55227733]
 [ 2.2653002  -0.82988027 -1.55208537 -1.62815209 -0.94152951  0.04047928
   0.95323425  1.15380298]
 [-0.45419303  0.48569458 -0.07494634  0.03495505  0.83438919  0.57259637
   1.31069817  1.28724383]
 [ 0.01956478  0.61924914  1.42104443  1.08487945 -0.53117275 -0.83351344
   0.18621197 -1.40257557]
 [-0.26577244 -0.39972118 -2.56474612  0.64031811  0.96616192  0.67814765
  -0.22646814 -1.21077477]
 [ 0.05938534 -0.18902301  1.15289715 -0.28907474 -2.27521399 -0.98956124
  -0.30553847  0.17337375]
 [ 0.98377429  1.43455786  0.20874288  0.66662191 -1.64643844 -1.05109076
  -0.57258964 -1.0971998 ]
 [-0.2586366   0.43420537 -0.29591441 -0.3941645  -0.67981259  0.60280809
   0.36688337  1.27015056]
 [ 0.84883085 -1.6065418   1.0777793  -0.29266279 -0.75014823  0.62276106
  -0.52768381 -0.56686625]
 [ 0.29278558 -0.43374414  1.21524842  0.50091249  0.88132368 -0.4166364
  -0.30157291 -0.49496081]
 [ 0.41200502 -0.35455489 -0.45342746 -0.78460382 -0.40648249  1.66559615
   1.04342794  0.02083102]
 [-0.41464531  1.52896994 -0.09558755 -0.53133952 -1.47312163 -0.49632003
  -0.29595714  1.64391718]
 [-0.25797219  0.3629893   0.57524957  0.81046332  0.18702509  0.15887468
   0.06353376  0.86584772]
 [ 1.45243272 -1.3430679   0.02557886 -0.60499574  0.05992523  0.16478937
   0.75820845  0.41207301]]","[-1.  1. -1.  1.  1.  1. -1. -1.  1.  1.  1.  1. -1.  1.  1.  1. -1.  1.
 -1. -1.]",0.2,10,10
