train_acc,valid_acc
0.7083333333333334,0.8333333333333334
