train_acc_list,train_loss_list,valid_acc_list,valid_loss_list
"[0.25, 0.25, 0.25, 0.25, 0.25, 0.25, 0.25, 0.25, 0.25, 0.25, 0.25, 0.25, 0.25, 0.25, 0.25, 0.25, 0.25, 0.25, 0.25, 0.25, 0.25, 0.25, 0.25, 0.25, 0.25, 0.25, 0.25, 0.25, 0.25, 0.25, 0.25, 0.25, 0.25, 0.25, 0.25, 0.25, 0.25, 0.25, 0.25, 0.25, 0.25, 0.25, 0.25, 0.25, 0.25, 0.25, 0.25, 0.25, 0.25, 0.25]","[4.597971940267687, 4.610263408162208, 4.622554876056727, 4.634846343951246, 4.6471378118457665, 4.659429279740285, 4.671720747634805, 4.684012215529325, 4.696303683423844, 4.708595151318365, 4.720886619212884, 4.733178087107403, 4.745469555001923, 4.757761022896442, 4.770052490790961, 4.782343958685481, 4.794635426580001, 4.80692689447452, 4.819218362369041, 4.83150983026356, 4.843801298158079, 4.856092766052599, 4.868384233947118, 4.880675701841638, 4.892967169736158, 4.905258637630678, 4.917550105525197, 4.929841573419717, 4.942133041314237, 4.9544245092087555, 4.966715977103275, 4.979007444997795, 4.991298912892315, 5.003590380786835, 5.015881848681353, 5.028173316575874, 5.040464784470393, 5.0527562523649125, 5.065047720259432, 5.077339188153953, 5.089630656048472, 5.101922123942991, 5.114213591837512, 5.126505059732031, 5.13879652762655, 5.15108799552107, 5.1633794634155885, 5.175670931310109, 5.187962399204629, 5.200253867099148]","[1.0, 1.0, 1.0, 1.0, 1.0, 1.0, 1.0, 1.0, 1.0, 1.0, 1.0, 1.0, 1.0, 1.0, 1.0, 1.0, 1.0, 1.0, 1.0, 1.0, 1.0, 1.0, 1.0, 1.0, 1.0, 1.0, 1.0, 1.0, 1.0, 1.0, 1.0, 1.0, 1.0, 1.0, 1.0, 1.0, 1.0, 1.0, 1.0, 1.0, 1.0, 1.0, 1.0, 1.0, 1.0, 1.0, 1.0, 1.0, 1.0, 1.0]","[0.0, 0.0, 0.0, 0.0, 0.0, 0.0, 0.0, 0.0, 0.0, 0.0, 0.0, 0.0, 0.0, 0.0, 0.0, 0.0, 0.0, 0.0, 0.0, 0.0, 0.0, 0.0, 0.0, 0.0, 0.0, 0.0, 0.0, 0.0, 0.0, 0.0, 0.0, 0.0, 0.0, 0.0, 0.0, 0.0, 0.0, 0.0, 0.0, 0.0, 0.0, 0.0, 0.0, 0.0, 0.0, 0.0, 0.0, 0.0, 0.0, 0.0]"
