train_acc,valid_acc
0.8333333333333334,0.6666666666666666
