train_acc,valid_acc
0.6666666666666666,0.6666666666666666
